text,label
scientific community reports new breakthrough renewable energy,0
local government announces new public park project city center,0
stock market showed steady growth final quarter year,0
researchers find regular exercise significantly improves mental health,0
space agency successfully launched latest observation satellite,0
new study highlights benefits balanced diet longterm health,0
city council votes increase funding public transportation,0
astronomers discover new planet distant star system,0
manufacturing sector expects increase productivity year,0
health officials report decrease seasonal flu cases,0
scientific community reports new breakthrough renewable energy,0
local government announces new public park project city center,0
stock market showed steady growth final quarter year,0
researchers find regular exercise significantly improves mental health,0
space agency successfully launched latest observation satellite,0
new study highlights benefits balanced diet longterm health,0
city council votes increase funding public transportation,0
astronomers discover new planet distant star system,0
manufacturing sector expects increase productivity year,0
health officials report decrease seasonal flu cases,0
scientific community reports new breakthrough renewable energy,0
local government announces new public park project city center,0
stock market showed steady growth final quarter year,0
researchers find regular exercise significantly improves mental health,0
space agency successfully launched latest observation satellite,0
new study highlights benefits balanced diet longterm health,0
city council votes increase funding public transportation,0
astronomers discover new planet distant star system,0
manufacturing sector expects increase productivity year,0
health officials report decrease seasonal flu cases,0
scientific community reports new breakthrough renewable energy,0
local government announces new public park project city center,0
stock market showed steady growth final quarter year,0
researchers find regular exercise significantly improves mental health,0
space agency successfully launched latest observation satellite,0
new study highlights benefits balanced diet longterm health,0
city council votes increase funding public transportation,0
astronomers discover new planet distant star system,0
manufacturing sector expects increase productivity year,0
health officials report decrease seasonal flu cases,0
scientific community reports new breakthrough renewable energy,0
local government announces new public park project city center,0
stock market showed steady growth final quarter year,0
researchers find regular exercise significantly improves mental health,0
space agency successfully launched latest observation satellite,0
new study highlights benefits balanced diet longterm health,0
city council votes increase funding public transportation,0
astronomers discover new planet distant star system,0
manufacturing sector expects increase productivity year,0
health officials report decrease seasonal flu cases,0
scientific community reports new breakthrough renewable energy,0
local government announces new public park project city center,0
stock market showed steady growth final quarter year,0
researchers find regular exercise significantly improves mental health,0
space agency successfully launched latest observation satellite,0
new study highlights benefits balanced diet longterm health,0
city council votes increase funding public transportation,0
astronomers discover new planet distant star system,0
manufacturing sector expects increase productivity year,0
health officials report decrease seasonal flu cases,0
scientific community reports new breakthrough renewable energy,0
local government announces new public park project city center,0
stock market showed steady growth final quarter year,0
researchers find regular exercise significantly improves mental health,0
space agency successfully launched latest observation satellite,0
new study highlights benefits balanced diet longterm health,0
city council votes increase funding public transportation,0
astronomers discover new planet distant star system,0
manufacturing sector expects increase productivity year,0
health officials report decrease seasonal flu cases,0
scientific community reports new breakthrough renewable energy,0
local government announces new public park project city center,0
stock market showed steady growth final quarter year,0
researchers find regular exercise significantly improves mental health,0
space agency successfully launched latest observation satellite,0
new study highlights benefits balanced diet longterm health,0
city council votes increase funding public transportation,0
astronomers discover new planet distant star system,0
manufacturing sector expects increase productivity year,0
health officials report decrease seasonal flu cases,0
scientific community reports new breakthrough renewable energy,0
local government announces new public park project city center,0
stock market showed steady growth final quarter year,0
researchers find regular exercise significantly improves mental health,0
space agency successfully launched latest observation satellite,0
new study highlights benefits balanced diet longterm health,0
city council votes increase funding public transportation,0
astronomers discover new planet distant star system,0
manufacturing sector expects increase productivity year,0
health officials report decrease seasonal flu cases,0
scientific community reports new breakthrough renewable energy,0
local government announces new public park project city center,0
stock market showed steady growth final quarter year,0
researchers find regular exercise significantly improves mental health,0
space agency successfully launched latest observation satellite,0
new study highlights benefits balanced diet longterm health,0
city council votes increase funding public transportation,0
astronomers discover new planet distant star system,0
manufacturing sector expects increase productivity year,0
health officials report decrease seasonal flu cases,0
scientific community reports new breakthrough renewable energy,0
local government announces new public park project city center,0
stock market showed steady growth final quarter year,0
researchers find regular exercise significantly improves mental health,0
space agency successfully launched latest observation satellite,0
new study highlights benefits balanced diet longterm health,0
city council votes increase funding public transportation,0
astronomers discover new planet distant star system,0
manufacturing sector expects increase productivity year,0
health officials report decrease seasonal flu cases,0
scientific community reports new breakthrough renewable energy,0
local government announces new public park project city center,0
stock market showed steady growth final quarter year,0
researchers find regular exercise significantly improves mental health,0
space agency successfully launched latest observation satellite,0
new study highlights benefits balanced diet longterm health,0
city council votes increase funding public transportation,0
astronomers discover new planet distant star system,0
manufacturing sector expects increase productivity year,0
health officials report decrease seasonal flu cases,0
scientific community reports new breakthrough renewable energy,0
local government announces new public park project city center,0
stock market showed steady growth final quarter year,0
researchers find regular exercise significantly improves mental health,0
space agency successfully launched latest observation satellite,0
new study highlights benefits balanced diet longterm health,0
city council votes increase funding public transportation,0
astronomers discover new planet distant star system,0
manufacturing sector expects increase productivity year,0
health officials report decrease seasonal flu cases,0
scientific community reports new breakthrough renewable energy,0
local government announces new public park project city center,0
stock market showed steady growth final quarter year,0
researchers find regular exercise significantly improves mental health,0
space agency successfully launched latest observation satellite,0
new study highlights benefits balanced diet longterm health,0
city council votes increase funding public transportation,0
astronomers discover new planet distant star system,0
manufacturing sector expects increase productivity year,0
health officials report decrease seasonal flu cases,0
scientific community reports new breakthrough renewable energy,0
local government announces new public park project city center,0
stock market showed steady growth final quarter year,0
researchers find regular exercise significantly improves mental health,0
space agency successfully launched latest observation satellite,0
new study highlights benefits balanced diet longterm health,0
city council votes increase funding public transportation,0
astronomers discover new planet distant star system,0
manufacturing sector expects increase productivity year,0
health officials report decrease seasonal flu cases,0
scientific community reports new breakthrough renewable energy,0
local government announces new public park project city center,0
stock market showed steady growth final quarter year,0
researchers find regular exercise significantly improves mental health,0
space agency successfully launched latest observation satellite,0
new study highlights benefits balanced diet longterm health,0
city council votes increase funding public transportation,0
astronomers discover new planet distant star system,0
manufacturing sector expects increase productivity year,0
health officials report decrease seasonal flu cases,0
scientific community reports new breakthrough renewable energy,0
local government announces new public park project city center,0
stock market showed steady growth final quarter year,0
researchers find regular exercise significantly improves mental health,0
space agency successfully launched latest observation satellite,0
new study highlights benefits balanced diet longterm health,0
city council votes increase funding public transportation,0
astronomers discover new planet distant star system,0
manufacturing sector expects increase productivity year,0
health officials report decrease seasonal flu cases,0
scientific community reports new breakthrough renewable energy,0
local government announces new public park project city center,0
stock market showed steady growth final quarter year,0
researchers find regular exercise significantly improves mental health,0
space agency successfully launched latest observation satellite,0
new study highlights benefits balanced diet longterm health,0
city council votes increase funding public transportation,0
astronomers discover new planet distant star system,0
manufacturing sector expects increase productivity year,0
health officials report decrease seasonal flu cases,0
scientific community reports new breakthrough renewable energy,0
local government announces new public park project city center,0
stock market showed steady growth final quarter year,0
researchers find regular exercise significantly improves mental health,0
space agency successfully launched latest observation satellite,0
new study highlights benefits balanced diet longterm health,0
city council votes increase funding public transportation,0
astronomers discover new planet distant star system,0
manufacturing sector expects increase productivity year,0
health officials report decrease seasonal flu cases,0
scientific community reports new breakthrough renewable energy,0
local government announces new public park project city center,0
stock market showed steady growth final quarter year,0
researchers find regular exercise significantly improves mental health,0
space agency successfully launched latest observation satellite,0
new study highlights benefits balanced diet longterm health,0
city council votes increase funding public transportation,0
astronomers discover new planet distant star system,0
manufacturing sector expects increase productivity year,0
health officials report decrease seasonal flu cases,0
shocking discovery lemons cure known diseases overnight,1
government secretly planning replace currency gold coins monday,1
aliens landed remote desert communicating world leaders,1
drinking magic water make live forever says mysterious expert,1
moon actually made cheese new leaked documents reveal,1
celebrity caught scandal involving secret underground tunnels,1
new law requires everyone wear purple fridays face huge fines,1
dinosaurs still alive living hidden valley mountains,1
instant wealth guaranteed following one weird trick salt,1
eiffel tower actually built secret antenna talk mars,1
shocking discovery lemons cure known diseases overnight,1
government secretly planning replace currency gold coins monday,1
aliens landed remote desert communicating world leaders,1
drinking magic water make live forever says mysterious expert,1
moon actually made cheese new leaked documents reveal,1
celebrity caught scandal involving secret underground tunnels,1
new law requires everyone wear purple fridays face huge fines,1
dinosaurs still alive living hidden valley mountains,1
instant wealth guaranteed following one weird trick salt,1
eiffel tower actually built secret antenna talk mars,1
shocking discovery lemons cure known diseases overnight,1
government secretly planning replace currency gold coins monday,1
aliens landed remote desert communicating world leaders,1
drinking magic water make live forever says mysterious expert,1
moon actually made cheese new leaked documents reveal,1
celebrity caught scandal involving secret underground tunnels,1
new law requires everyone wear purple fridays face huge fines,1
dinosaurs still alive living hidden valley mountains,1
instant wealth guaranteed following one weird trick salt,1
eiffel tower actually built secret antenna talk mars,1
shocking discovery lemons cure known diseases overnight,1
government secretly planning replace currency gold coins monday,1
aliens landed remote desert communicating world leaders,1
drinking magic water make live forever says mysterious expert,1
moon actually made cheese new leaked documents reveal,1
celebrity caught scandal involving secret underground tunnels,1
new law requires everyone wear purple fridays face huge fines,1
dinosaurs still alive living hidden valley mountains,1
instant wealth guaranteed following one weird trick salt,1
eiffel tower actually built secret antenna talk mars,1
shocking discovery lemons cure known diseases overnight,1
government secretly planning replace currency gold coins monday,1
aliens landed remote desert communicating world leaders,1
drinking magic water make live forever says mysterious expert,1
moon actually made cheese new leaked documents reveal,1
celebrity caught scandal involving secret underground tunnels,1
new law requires everyone wear purple fridays face huge fines,1
dinosaurs still alive living hidden valley mountains,1
instant wealth guaranteed following one weird trick salt,1
eiffel tower actually built secret antenna talk mars,1
shocking discovery lemons cure known diseases overnight,1
government secretly planning replace currency gold coins monday,1
aliens landed remote desert communicating world leaders,1
drinking magic water make live forever says mysterious expert,1
moon actually made cheese new leaked documents reveal,1
celebrity caught scandal involving secret underground tunnels,1
new law requires everyone wear purple fridays face huge fines,1
dinosaurs still alive living hidden valley mountains,1
instant wealth guaranteed following one weird trick salt,1
eiffel tower actually built secret antenna talk mars,1
shocking discovery lemons cure known diseases overnight,1
government secretly planning replace currency gold coins monday,1
aliens landed remote desert communicating world leaders,1
drinking magic water make live forever says mysterious expert,1
moon actually made cheese new leaked documents reveal,1
celebrity caught scandal involving secret underground tunnels,1
new law requires everyone wear purple fridays face huge fines,1
dinosaurs still alive living hidden valley mountains,1
instant wealth guaranteed following one weird trick salt,1
eiffel tower actually built secret antenna talk mars,1
shocking discovery lemons cure known diseases overnight,1
government secretly planning replace currency gold coins monday,1
aliens landed remote desert communicating world leaders,1
drinking magic water make live forever says mysterious expert,1
moon actually made cheese new leaked documents reveal,1
celebrity caught scandal involving secret underground tunnels,1
new law requires everyone wear purple fridays face huge fines,1
dinosaurs still alive living hidden valley mountains,1
instant wealth guaranteed following one weird trick salt,1
eiffel tower actually built secret antenna talk mars,1
shocking discovery lemons cure known diseases overnight,1
government secretly planning replace currency gold coins monday,1
aliens landed remote desert communicating world leaders,1
drinking magic water make live forever says mysterious expert,1
moon actually made cheese new leaked documents reveal,1
celebrity caught scandal involving secret underground tunnels,1
new law requires everyone wear purple fridays face huge fines,1
dinosaurs still alive living hidden valley mountains,1
instant wealth guaranteed following one weird trick salt,1
eiffel tower actually built secret antenna talk mars,1
shocking discovery lemons cure known diseases overnight,1
government secretly planning replace currency gold coins monday,1
aliens landed remote desert communicating world leaders,1
drinking magic water make live forever says mysterious expert,1
moon actually made cheese new leaked documents reveal,1
celebrity caught scandal involving secret underground tunnels,1
new law requires everyone wear purple fridays face huge fines,1
dinosaurs still alive living hidden valley mountains,1
instant wealth guaranteed following one weird trick salt,1
eiffel tower actually built secret antenna talk mars,1
shocking discovery lemons cure known diseases overnight,1
government secretly planning replace currency gold coins monday,1
aliens landed remote desert communicating world leaders,1
drinking magic water make live forever says mysterious expert,1
moon actually made cheese new leaked documents reveal,1
celebrity caught scandal involving secret underground tunnels,1
new law requires everyone wear purple fridays face huge fines,1
dinosaurs still alive living hidden valley mountains,1
instant wealth guaranteed following one weird trick salt,1
eiffel tower actually built secret antenna talk mars,1
shocking discovery lemons cure known diseases overnight,1
government secretly planning replace currency gold coins monday,1
aliens landed remote desert communicating world leaders,1
drinking magic water make live forever says mysterious expert,1
moon actually made cheese new leaked documents reveal,1
celebrity caught scandal involving secret underground tunnels,1
new law requires everyone wear purple fridays face huge fines,1
dinosaurs still alive living hidden valley mountains,1
instant wealth guaranteed following one weird trick salt,1
eiffel tower actually built secret antenna talk mars,1
shocking discovery lemons cure known diseases overnight,1
government secretly planning replace currency gold coins monday,1
aliens landed remote desert communicating world leaders,1
drinking magic water make live forever says mysterious expert,1
moon actually made cheese new leaked documents reveal,1
celebrity caught scandal involving secret underground tunnels,1
new law requires everyone wear purple fridays face huge fines,1
dinosaurs still alive living hidden valley mountains,1
instant wealth guaranteed following one weird trick salt,1
eiffel tower actually built secret antenna talk mars,1
shocking discovery lemons cure known diseases overnight,1
government secretly planning replace currency gold coins monday,1
aliens landed remote desert communicating world leaders,1
drinking magic water make live forever says mysterious expert,1
moon actually made cheese new leaked documents reveal,1
celebrity caught scandal involving secret underground tunnels,1
new law requires everyone wear purple fridays face huge fines,1
dinosaurs still alive living hidden valley mountains,1
instant wealth guaranteed following one weird trick salt,1
eiffel tower actually built secret antenna talk mars,1
shocking discovery lemons cure known diseases overnight,1
government secretly planning replace currency gold coins monday,1
aliens landed remote desert communicating world leaders,1
drinking magic water make live forever says mysterious expert,1
moon actually made cheese new leaked documents reveal,1
celebrity caught scandal involving secret underground tunnels,1
new law requires everyone wear purple fridays face huge fines,1
dinosaurs still alive living hidden valley mountains,1
instant wealth guaranteed following one weird trick salt,1
eiffel tower actually built secret antenna talk mars,1
shocking discovery lemons cure known diseases overnight,1
government secretly planning replace currency gold coins monday,1
aliens landed remote desert communicating world leaders,1
drinking magic water make live forever says mysterious expert,1
moon actually made cheese new leaked documents reveal,1
celebrity caught scandal involving secret underground tunnels,1
new law requires everyone wear purple fridays face huge fines,1
dinosaurs still alive living hidden valley mountains,1
instant wealth guaranteed following one weird trick salt,1
eiffel tower actually built secret antenna talk mars,1
shocking discovery lemons cure known diseases overnight,1
government secretly planning replace currency gold coins monday,1
aliens landed remote desert communicating world leaders,1
drinking magic water make live forever says mysterious expert,1
moon actually made cheese new leaked documents reveal,1
celebrity caught scandal involving secret underground tunnels,1
new law requires everyone wear purple fridays face huge fines,1
dinosaurs still alive living hidden valley mountains,1
instant wealth guaranteed following one weird trick salt,1
eiffel tower actually built secret antenna talk mars,1
shocking discovery lemons cure known diseases overnight,1
government secretly planning replace currency gold coins monday,1
aliens landed remote desert communicating world leaders,1
drinking magic water make live forever says mysterious expert,1
moon actually made cheese new leaked documents reveal,1
celebrity caught scandal involving secret underground tunnels,1
new law requires everyone wear purple fridays face huge fines,1
dinosaurs still alive living hidden valley mountains,1
instant wealth guaranteed following one weird trick salt,1
eiffel tower actually built secret antenna talk mars,1
shocking discovery lemons cure known diseases overnight,1
government secretly planning replace currency gold coins monday,1
aliens landed remote desert communicating world leaders,1
drinking magic water make live forever says mysterious expert,1
moon actually made cheese new leaked documents reveal,1
celebrity caught scandal involving secret underground tunnels,1
new law requires everyone wear purple fridays face huge fines,1
dinosaurs still alive living hidden valley mountains,1
instant wealth guaranteed following one weird trick salt,1
eiffel tower actually built secret antenna talk mars,1
shocking discovery lemons cure known diseases overnight,1
government secretly planning replace currency gold coins monday,1
aliens landed remote desert communicating world leaders,1
drinking magic water make live forever says mysterious expert,1
moon actually made cheese new leaked documents reveal,1
celebrity caught scandal involving secret underground tunnels,1
new law requires everyone wear purple fridays face huge fines,1
dinosaurs still alive living hidden valley mountains,1
instant wealth guaranteed following one weird trick salt,1
eiffel tower actually built secret antenna talk mars,1
